Dataset/Model,CBraMod
BCIC2A,0.30833333333333335
MDD,0.9203125
